{
  "version": 1,
  "author": "Anonymous maker",
  "editor": "wokwi",
  "parts": [
    { "type": "wokwi-breadboard", "id": "bb1", "top": 131.4, "left": 98.8, "attrs": {} },
    { "type": "wokwi-arduino-uno", "id": "uno", "top": 58.2, "left": -192.6, "attrs": {} },
    { "type": "wokwi-servo", "id": "servo1", "top": -2, "left": 326.4, "attrs": {} },
    { "type": "wokwi-servo", "id": "servo2", "top": -117.2, "left": 326.4, "attrs": {} },
    {
      "type": "wokwi-led",
      "id": "led1",
      "top": -32.4,
      "left": 90.6,
      "attrs": { "color": "red", "flip": "1" }
    },
    {
      "type": "wokwi-resistor",
      "id": "r1",
      "top": 23.15,
      "left": 144,
      "attrs": { "value": "1000" }
    }
  ],
  "connections": [
    [ "uno:GND.2", "bb1:tn.1", "black", [ "v47.9", "h119.1", "v-134.4" ] ],
    [ "uno:5V", "bb1:tp.1", "red", [ "v19.1", "h119", "v-124.8" ] ],
    [ "servo1:V+", "bb1:tp.15", "green", [ "h0" ] ],
    [ "servo2:V+", "bb1:tp.10", "green", [ "h0" ] ],
    [ "r1:2", "bb1:tn.5", "green", [ "v96", "h-10.8", "v28.8" ] ],
    [ "led1:A", "uno:8", "green", [ "v19.2", "h-124.8" ] ],
    [ "led1:C", "r1:1", "green", [ "v0" ] ],
    [ "servo2:GND", "bb1:tn.9", "black", [ "h0" ] ],
    [ "servo1:GND", "bb1:tn.14", "black", [ "h0" ] ],
    [ "servo1:PWM", "uno:4", "green", [ "h-153.6", "v-19", "h-144" ] ],
    [ "servo2:PWM", "uno:5", "green", [ "h0" ] ]
  ],
  "dependencies": {}
}